{
  "project_info": {
    "project_number": "263184158315",
    "project_id": "fir-flutter-auth-b89e6",
    "storage_bucket": "fir-flutter-auth-b89e6.firebasestorage.app"
  },
  "client": [
    {
      "client_info": {
        "mobilesdk_app_id": "1:263184158315:android:da9087f939bc5120732b2e",
        "android_client_info": {
          "package_name": "com.example.app00"
        }
      },
      "oauth_client": [],
      "api_key": [
        {
          "current_key": "AIzaSyDDTkDTLgwOZsxGGhKVuIt35q4kAXnbjI4"
        }
      ],
      "services": {
        "appinvite_service": {
          "other_platform_oauth_client": []
        }
      }
    }
  ],
  "configuration_version": "1"
}